<?xml version="1.0" encoding="UTF-8"?>
<nr1:ACKANS xmlns:nr1="http://edi.sec.samsung.com/GLS_ECC_LE/ELEM" xmlns:xsi="http://www.w3.org/2001/XMLSchema-instance" xsi:schemaLocation="http://edi.sec.samsung.com/GLS_ECC_LE/ELEM/ACKANS.xsd">
	<MessageSenderIdentifier>T911G4058</MessageSenderIdentifier>
	<MessageReceiverIdentifier>T911</MessageReceiverIdentifier>
	<MessageTypeIdentifier>ACKANS</MessageTypeIdentifier>
	<MessageFunctionCode>S</MessageFunctionCode>
	<ReferenceMessageTypeIdentifier>PKGINF</ReferenceMessageTypeIdentifier>
	<MessageNumber>PKGINF_EU2108080259061171</MessageNumber>
	<MessageReceiveDate>20210808</MessageReceiveDate>
	<MessageReceiveTime>203519</MessageReceiveTime>
	<AckSendDate>20210808</AckSendDate>
	<AckSendTime>203523</AckSendTime>
	<HandlingInformation>SUCCSESS</HandlingInformation>
</nr1:ACKANS>