<?xml version="1.0" encoding="UTF-8"?>
<nr1:PKGINF xmlns:nr1="http://edi.sec.samsung.com/GLS_ECC_LE/ELEM" xmlns:xsi="http://www.w3.org/2001/XMLSchema-instance" xsi:schemaLocation="http://edi.sec.samsung.com/GLS_ECC_LE/ELEM PKGINF.xsd">
<MessageSenderIdentifier>T911</MessageSenderIdentifier>
<MessageSenderName>SAMSUNG SDS GLOBAL SCL RUS LLC</MessageSenderName>
<MessageReceiverIdentifier>T911G4058</MessageReceiverIdentifier>
<MessageReceiverName>LLC Global Delivery</MessageReceiverName>
<MessageTypeIdentifier>PKGINF</MessageTypeIdentifier>
<MessageName>PACKING INFORMATION</MessageName>
<MessageNumber>PKGINF_EU2108080259061171</MessageNumber>
<MessageFunctionCode>9</MessageFunctionCode>
<DocumentNumber>PKGINF_7072043612</DocumentNumber>
<DocumentDate>20210808</DocumentDate>
<BusinessType>
<Code>LD</Code>
</BusinessType>
<OrderType>
<Code>O10</Code>
<CodeDescription>3PL WH TO CUSTOMER</CodeDescription>
</OrderType>
<ServiceType>
<Code>NORM</Code>
<CodeDescription>Normal</CodeDescription>
</ServiceType>
<Division>
<Code>ZQ</Code>
<CodeDescription>[Z]Mobile</CodeDescription>
</Division>
<RelatedDocument>
<Code>642</Code>
<CodeDescription>OUTBOUND DELIVERY ORDER(EDI)</CodeDescription>
</RelatedDocument>
<RelatedDocumentNumber>
<RelatedMessageNumber>S20210808196092</RelatedMessageNumber>
<RelatedDocumentNumber>S20210808196092</RelatedDocumentNumber>
<RelatedDocumentDate>20210808</RelatedDocumentDate>
</RelatedDocumentNumber>
<TransportationType>
<Code>01</Code>
</TransportationType>
<TotalCargoInformation>
<CartonPackingQuantity>2</CartonPackingQuantity>
<CartonPackingQuantityCode>BOX</CartonPackingQuantityCode>
<Quantity>33</Quantity>
<QuantityCode>PC</QuantityCode>
<Volume>0.025910</Volume>
<VolumeCode>M3</VolumeCode>
<GrossWeight>2.800000</GrossWeight>
<GrossWeightCode>KG</GrossWeightCode>
<NetWeight>2.800000</NetWeight>
<NetWeightCode>KG</NetWeightCode>
<ChargeableWeight>4318.666667</ChargeableWeight>
<ChargeableWeightCode>KG</ChargeableWeightCode>
</TotalCargoInformation>
<Field1>78</Field1>
<Field3>S20210808196092</Field3>
<Field4>2</Field4>
<OrgList>
<OrgItem>
<SequenceNumber>1</SequenceNumber>
<RelatedOrganization>
<Type>AG</Type>
<TypeName>Sold-to party</TypeName>
<Name>ООО "Юма-Сервис"</Name>
<Address1>ул. Апрельская, д.5, лит.А, пом.5Н</Address1>
<Address2>г.Санкт-Петербург</Address2>
<Address3>78</Address3>
<TelephoneNumber>8124022502</TelephoneNumber>
<Code>0006043408</Code>
</RelatedOrganization>
</OrgItem>
<OrgItem>
<SequenceNumber>10</SequenceNumber>
<RelatedOrganization>
<Type>RG</Type>
<TypeName>Payer</TypeName>
<Name>ООО "Юма-Сервис"</Name>
<Address1>ул. Апрельская, д.5, лит.А, пом.5Н</Address1>
<Address2>г.Санкт-Петербург</Address2>
<Address3>78</Address3>
<TelephoneNumber>8124022502</TelephoneNumber>
<Code>0006043408</Code>
</RelatedOrganization>
</OrgItem>
<OrgItem>
<SequenceNumber>11</SequenceNumber>
<RelatedOrganization>
<Type>SE</Type>
<Name>SERC</Name>
<Address1>10, Vozdvizhenka str.,</Address1>
<Address2>Moscow</Address2>
<Address3>RU</Address3>
<Code>C941</Code>
</RelatedOrganization>
</OrgItem>
<OrgItem>
<SequenceNumber>12</SequenceNumber>
<RelatedOrganization>
<Type>SP</Type>
<TypeName>Forwarding Agent</TypeName>
<Name>ООО "ГЛОБАЛ ДЕЛИВЕРИ"</Name>
<Address1>УЛ.ОЛЬХОВСКАЯ Д16 СТР.5-5А, ПОМЕЩ.1</Address1>
<Address2>МОСКВА</Address2>
<Address3>77</Address3>
<Code>E1CO</Code>
</RelatedOrganization>
</OrgItem>
<OrgItem>
<SequenceNumber>13</SequenceNumber>
<RelatedOrganization>
<Type>WE</Type>
<TypeName>Ship-to party</TypeName>
<Name>ООО "Юма-Cервис"</Name>
<Address1>проспект Культуры,д.1</Address1>
<Address2>г.Санкт-Петербург</Address2>
<Address3>78</Address3>
<TelephoneNumber>7-921933-46-52</TelephoneNumber>
<Code>0001421485</Code>
</RelatedOrganization>
</OrgItem>
<OrgItem>
<SequenceNumber>14</SequenceNumber>
<RelatedOrganization>
<Type>ZT</Type>
<TypeName>Vendor(Truck Comp)</TypeName>
<Name>ООО "САМСУНГ СДС РУС"</Name>
<Address1>Новинский бульвар, 31, офис 401-405</Address1>
<Address2>Москва</Address2>
<Address3>RU</Address3>
<Code>T911-A1</Code>
</RelatedOrganization>
</OrgItem>
<OrgItem>
<SequenceNumber>2</SequenceNumber>
<RelatedOrganization>
<Type>RE</Type>
<TypeName>Bill-to party</TypeName>
<Name>ООО "Юма-Сервис"</Name>
<Address1>ул. Апрельская, д.5, лит.А, пом.5Н</Address1>
<Address2>г.Санкт-Петербург</Address2>
<Address3>78</Address3>
<TelephoneNumber>8124022502</TelephoneNumber>
<Code>0006043408</Code>
</RelatedOrganization>
</OrgItem>
<OrgItem>
<SequenceNumber>3</SequenceNumber>
<RelatedOrganization>
<Type>RG</Type>
<TypeName>Payer</TypeName>
<Name>ООО "Юма-Сервис"</Name>
<Address1>ул. Апрельская, д.5, лит.А, пом.5Н</Address1>
<Address2>г.Санкт-Петербург</Address2>
<Address3>78</Address3>
<TelephoneNumber>8124022502</TelephoneNumber>
<Code>0006043408</Code>
</RelatedOrganization>
</OrgItem>
<OrgItem>
<SequenceNumber>4</SequenceNumber>
<RelatedOrganization>
<Type>SE</Type>
<Name>SERC</Name>
<Address1>10, Vozdvizhenka str.,</Address1>
<Address2>Moscow</Address2>
<Address3>RU</Address3>
<Code>C941</Code>
</RelatedOrganization>
</OrgItem>
<OrgItem>
<SequenceNumber>5</SequenceNumber>
<RelatedOrganization>
<Type>SP</Type>
<TypeName>Forwarding Agent</TypeName>
<Name>ООО "ГЛОБАЛ ДЕЛИВЕРИ"</Name>
<Address1>УЛ.ОЛЬХОВСКАЯ Д16 СТР.5-5А, ПОМЕЩ.1</Address1>
<Address2>МОСКВА</Address2>
<Address3>77</Address3>
<Code>E1CO</Code>
</RelatedOrganization>
</OrgItem>
<OrgItem>
<SequenceNumber>6</SequenceNumber>
<RelatedOrganization>
<Type>WE</Type>
<TypeName>Ship-to party</TypeName>
<Name>ООО "Юма-Cервис"</Name>
<Address1>проспект Культуры,д.1</Address1>
<Address2>г.Санкт-Петербург</Address2>
<Address3>78</Address3>
<TelephoneNumber>7-921933-46-52</TelephoneNumber>
<Code>0001421485</Code>
</RelatedOrganization>
</OrgItem>
<OrgItem>
<SequenceNumber>7</SequenceNumber>
<RelatedOrganization>
<Type>ZT</Type>
<TypeName>Vendor(Truck Comp)</TypeName>
<Name>ООО "САМСУНГ СДС РУС"</Name>
<Address1>Новинский бульвар, 31, офис 401-405</Address1>
<Address2>Москва</Address2>
<Address3>RU</Address3>
<Code>T911-A1</Code>
</RelatedOrganization>
</OrgItem>
<OrgItem>
<SequenceNumber>8</SequenceNumber>
<RelatedOrganization>
<Type>AG</Type>
<TypeName>Sold-to party</TypeName>
<Name>ООО "Юма-Сервис"</Name>
<Address1>ул. Апрельская, д.5, лит.А, пом.5Н</Address1>
<Address2>г.Санкт-Петербург</Address2>
<Address3>78</Address3>
<TelephoneNumber>8124022502</TelephoneNumber>
<Code>0006043408</Code>
</RelatedOrganization>
</OrgItem>
<OrgItem>
<SequenceNumber>9</SequenceNumber>
<RelatedOrganization>
<Type>RE</Type>
<TypeName>Bill-to party</TypeName>
<Name>ООО "Юма-Сервис"</Name>
<Address1>ул. Апрельская, д.5, лит.А, пом.5Н</Address1>
<Address2>г.Санкт-Петербург</Address2>
<Address3>78</Address3>
<TelephoneNumber>8124022502</TelephoneNumber>
<Code>0006043408</Code>
</RelatedOrganization>
</OrgItem>
</OrgList>
<LocList>
<LocItem>
<SequenceNumber>1</SequenceNumber>
<RoutingInformation>
<Type>6TA</Type>
<TypeName>PICKUP_PLACE</TypeName>
<CountryCode>RU</CountryCode>
<CountryName>Russian Fed.</CountryName>
<CityOrPortName>RS10</CityOrPortName>
<RegionCode>40</RegionCode>
<PostalCode>249002</PostalCode>
</RoutingInformation>
</LocItem>
<LocItem>
<SequenceNumber>2</SequenceNumber>
<RoutingInformation>
<Type>20</Type>
<TypeName>FINAL DESTINATION</TypeName>
<CountryCode>RU</CountryCode>
<CountryName>Russian Fed.</CountryName>
<CityOrPortName>г.Санкт-Петербург</CityOrPortName>
<RegionCode>RU195</RegionCode>
<PostalCode>195274</PostalCode>
</RoutingInformation>
</LocItem>
<LocItem>
<SequenceNumber>3</SequenceNumber>
<RoutingInformation>
<Type>6TA</Type>
<TypeName>PICKUP_PLACE</TypeName>
<CountryCode>RU</CountryCode>
<CountryName>Russian Fed.</CountryName>
<CityOrPortName>RS10</CityOrPortName>
<RegionCode>40</RegionCode>
<PostalCode>249002</PostalCode>
</RoutingInformation>
</LocItem>
<LocItem>
<SequenceNumber>4</SequenceNumber>
<RoutingInformation>
<Type>20</Type>
<TypeName>FINAL DESTINATION</TypeName>
<CountryCode>RU</CountryCode>
<CountryName>Russian Fed.</CountryName>
<CityOrPortName>г.Санкт-Петербург</CityOrPortName>
<RegionCode>RU195</RegionCode>
<PostalCode>195274</PostalCode>
</RoutingInformation>
</LocItem>
</LocList>

<MatList>
<MatItem>
<SequenceNumber>1</SequenceNumber>
<Material>
<Material>GH82-24490A</Material>
<ItemNumber>10</ItemNumber>
</Material>
<Plant>
<Code>V902</Code>
</Plant>
<StorageLocation>
<Code>RS10</Code>
<Grade>A</Grade>
</StorageLocation>
<CargoInformation>
<Quantity>1</Quantity>
<QuantityCode>PC</QuantityCode>
</CargoInformation>
</MatItem>
<MatItem>
<SequenceNumber>10</SequenceNumber>
<Material>
<Material>GH82-19672A</Material>
<ItemNumber>70</ItemNumber>
</Material>
<Plant>
<Code>V902</Code>
</Plant>
<StorageLocation>
<Code>RS10</Code>
<Grade>A</Grade>
</StorageLocation>
<CargoInformation>
<Quantity>1</Quantity>
<QuantityCode>PC</QuantityCode>
</CargoInformation>
</MatItem>
<MatItem>
<SequenceNumber>11</SequenceNumber>
<Material>
<Material>GH82-21669A</Material>
<ItemNumber>80</ItemNumber>
</Material>
<Plant>
<Code>V902</Code>
</Plant>
<StorageLocation>
<Code>RS10</Code>
<Grade>A</Grade>
</StorageLocation>
<CargoInformation>
<Quantity>1</Quantity>
<QuantityCode>PC</QuantityCode>
</CargoInformation>
</MatItem>
<MatItem>
<SequenceNumber>12</SequenceNumber>
<Material>
<Material>GH82-25566A</Material>
<ItemNumber>90</ItemNumber>
</Material>
<Plant>
<Code>V902</Code>
</Plant>
<StorageLocation>
<Code>RS10</Code>
<Grade>A</Grade>
</StorageLocation>
<CargoInformation>
<Quantity>1</Quantity>
<QuantityCode>PC</QuantityCode>
</CargoInformation>
</MatItem>
<MatItem>
<SequenceNumber>13</SequenceNumber>
<Material>
<Material>GH97-20738A</Material>
<ItemNumber>100</ItemNumber>
</Material>
<Plant>
<Code>V902</Code>
</Plant>
<StorageLocation>
<Code>RS10</Code>
<Grade>A</Grade>
</StorageLocation>
<CargoInformation>
<Quantity>2</Quantity>
<QuantityCode>PC</QuantityCode>
</CargoInformation>
</MatItem>
<MatItem>
<SequenceNumber>14</SequenceNumber>
<Material>
<Material>GH43-04575B</Material>
<ItemNumber>110</ItemNumber>
</Material>
<Plant>
<Code>V902</Code>
</Plant>
<StorageLocation>
<Code>RS10</Code>
<Grade>A</Grade>
</StorageLocation>
<CargoInformation>
<Quantity>1</Quantity>
<QuantityCode>PC</QuantityCode>
</CargoInformation>
</MatItem>
<MatItem>
<SequenceNumber>15</SequenceNumber>
<Material>
<Material>GH81-13555A</Material>
<ItemNumber>120</ItemNumber>
</Material>
<Plant>
<Code>V902</Code>
</Plant>
<StorageLocation>
<Code>RS10</Code>
<Grade>A</Grade>
</StorageLocation>
<CargoInformation>
<Quantity>1</Quantity>
<QuantityCode>PC</QuantityCode>
</CargoInformation>
</MatItem>
<MatItem>
<SequenceNumber>16</SequenceNumber>
<Material>
<Material>GH81-13556A</Material>
<ItemNumber>130</ItemNumber>
</Material>
<Plant>
<Code>V902</Code>
</Plant>
<StorageLocation>
<Code>RS10</Code>
<Grade>A</Grade>
</StorageLocation>
<CargoInformation>
<Quantity>1</Quantity>
<QuantityCode>PC</QuantityCode>
</CargoInformation>
</MatItem>
<MatItem>
<SequenceNumber>17</SequenceNumber>
<Material>
<Material>GH81-19848A</Material>
<ItemNumber>140</ItemNumber>
</Material>
<Plant>
<Code>V902</Code>
</Plant>
<StorageLocation>
<Code>RS10</Code>
<Grade>A</Grade>
</StorageLocation>
<CargoInformation>
<Quantity>1</Quantity>
<QuantityCode>PC</QuantityCode>
</CargoInformation>
</MatItem>
<MatItem>
<SequenceNumber>18</SequenceNumber>
<Material>
<Material>GH81-20127A</Material>
<ItemNumber>150</ItemNumber>
</Material>
<Plant>
<Code>V902</Code>
</Plant>
<StorageLocation>
<Code>RS10</Code>
<Grade>A</Grade>
</StorageLocation>
<CargoInformation>
<Quantity>1</Quantity>
<QuantityCode>PC</QuantityCode>
</CargoInformation>
</MatItem>
<MatItem>
<SequenceNumber>19</SequenceNumber>
<Material>
<Material>GH81-20148A</Material>
<ItemNumber>160</ItemNumber>
</Material>
<Plant>
<Code>V902</Code>
</Plant>
<StorageLocation>
<Code>RS10</Code>
<Grade>A</Grade>
</StorageLocation>
<CargoInformation>
<Quantity>1</Quantity>
<QuantityCode>PC</QuantityCode>
</CargoInformation>
</MatItem>
<MatItem>
<SequenceNumber>2</SequenceNumber>
<Material>
<Material>GH82-25524A</Material>
<ItemNumber>20</ItemNumber>
</Material>
<Plant>
<Code>V902</Code>
</Plant>
<StorageLocation>
<Code>RS10</Code>
<Grade>A</Grade>
</StorageLocation>
<CargoInformation>
<Quantity>1</Quantity>
<QuantityCode>PC</QuantityCode>
</CargoInformation>
</MatItem>
<MatItem>
<SequenceNumber>20</SequenceNumber>
<Material>
<Material>GH82-13981C</Material>
<ItemNumber>170</ItemNumber>
</Material>
<Plant>
<Code>V902</Code>
</Plant>
<StorageLocation>
<Code>RS10</Code>
<Grade>A</Grade>
</StorageLocation>
<CargoInformation>
<Quantity>1</Quantity>
<QuantityCode>PC</QuantityCode>
</CargoInformation>
</MatItem>
<MatItem>
<SequenceNumber>21</SequenceNumber>
<Material>
<Material>GH82-14038C</Material>
<ItemNumber>180</ItemNumber>
</Material>
<Plant>
<Code>V902</Code>
</Plant>
<StorageLocation>
<Code>RS10</Code>
<Grade>A</Grade>
</StorageLocation>
<CargoInformation>
<Quantity>1</Quantity>
<QuantityCode>PC</QuantityCode>
</CargoInformation>
</MatItem>
<MatItem>
<SequenceNumber>22</SequenceNumber>
<Material>
<Material>GH82-14642A</Material>
<ItemNumber>190</ItemNumber>
</Material>
<Plant>
<Code>V902</Code>
</Plant>
<StorageLocation>
<Code>RS10</Code>
<Grade>A</Grade>
</StorageLocation>
<CargoInformation>
<Quantity>1</Quantity>
<QuantityCode>PC</QuantityCode>
</CargoInformation>
</MatItem>
<MatItem>
<SequenceNumber>23</SequenceNumber>
<Material>
<Material>GH96-12454A</Material>
<ItemNumber>200</ItemNumber>
</Material>
<Plant>
<Code>V902</Code>
</Plant>
<StorageLocation>
<Code>RS10</Code>
<Grade>A</Grade>
</StorageLocation>
<CargoInformation>
<Quantity>1</Quantity>
<QuantityCode>PC</QuantityCode>
</CargoInformation>
</MatItem>
<MatItem>
<SequenceNumber>24</SequenceNumber>
<Material>
<Material>GH96-13848A</Material>
<ItemNumber>210</ItemNumber>
</Material>
<Plant>
<Code>V902</Code>
</Plant>
<StorageLocation>
<Code>RS10</Code>
<Grade>A</Grade>
</StorageLocation>
<CargoInformation>
<Quantity>1</Quantity>
<QuantityCode>PC</QuantityCode>
</CargoInformation>
</MatItem>
<MatItem>
<SequenceNumber>25</SequenceNumber>
<Material>
<Material>GH97-20392A</Material>
<ItemNumber>220</ItemNumber>
</Material>
<Plant>
<Code>V902</Code>
</Plant>
<StorageLocation>
<Code>RS10</Code>
<Grade>A</Grade>
</StorageLocation>
<CargoInformation>
<Quantity>1</Quantity>
<QuantityCode>PC</QuantityCode>
</CargoInformation>
</MatItem>
<MatItem>
<SequenceNumber>26</SequenceNumber>
<Material>
<Material>GH97-20457C</Material>
<ItemNumber>230</ItemNumber>
</Material>
<Plant>
<Code>V902</Code>
</Plant>
<StorageLocation>
<Code>RS10</Code>
<Grade>A</Grade>
</StorageLocation>
<CargoInformation>
<Quantity>1</Quantity>
<QuantityCode>PC</QuantityCode>
</CargoInformation>
</MatItem>
<MatItem>
<SequenceNumber>27</SequenceNumber>
<Material>
<Material>GH97-20470A</Material>
<ItemNumber>240</ItemNumber>
</Material>
<Plant>
<Code>V902</Code>
</Plant>
<StorageLocation>
<Code>RS10</Code>
<Grade>A</Grade>
</StorageLocation>
<CargoInformation>
<Quantity>1</Quantity>
<QuantityCode>PC</QuantityCode>
</CargoInformation>
</MatItem>
<MatItem>
<SequenceNumber>28</SequenceNumber>
<Material>
<Material>GH82-19204A</Material>
<ItemNumber>250</ItemNumber>
</Material>
<Plant>
<Code>V902</Code>
</Plant>
<StorageLocation>
<Code>RS10</Code>
<Grade>A</Grade>
</StorageLocation>
<CargoInformation>
<Quantity>1</Quantity>
<QuantityCode>PC</QuantityCode>
</CargoInformation>
</MatItem>
<MatItem>
<SequenceNumber>29</SequenceNumber>
<Material>
<Material>GH82-19672A</Material>
<ItemNumber>260</ItemNumber>
</Material>
<Plant>
<Code>V902</Code>
</Plant>
<StorageLocation>
<Code>RS10</Code>
<Grade>A</Grade>
</StorageLocation>
<CargoInformation>
<Quantity>1</Quantity>
<QuantityCode>PC</QuantityCode>
</CargoInformation>
</MatItem>
<MatItem>
<SequenceNumber>3</SequenceNumber>
<Material>
<Material>GH82-25524A</Material>
<ItemNumber>30</ItemNumber>
</Material>
<Plant>
<Code>V902</Code>
</Plant>
<StorageLocation>
<Code>RS10</Code>
<Grade>A</Grade>
</StorageLocation>
<CargoInformation>
<Quantity>1</Quantity>
<QuantityCode>PC</QuantityCode>
</CargoInformation>
</MatItem>
<MatItem>
<SequenceNumber>30</SequenceNumber>
<Material>
<Material>GH82-21669A</Material>
<ItemNumber>270</ItemNumber>
</Material>
<Plant>
<Code>V902</Code>
</Plant>
<StorageLocation>
<Code>RS10</Code>
<Grade>A</Grade>
</StorageLocation>
<CargoInformation>
<Quantity>1</Quantity>
<QuantityCode>PC</QuantityCode>
</CargoInformation>
</MatItem>
<MatItem>
<SequenceNumber>31</SequenceNumber>
<Material>
<Material>GH82-25444A</Material>
<ItemNumber>280</ItemNumber>
</Material>
<Plant>
<Code>V902</Code>
</Plant>
<StorageLocation>
<Code>RS10</Code>
<Grade>A</Grade>
</StorageLocation>
<CargoInformation>
<Quantity>1</Quantity>
<QuantityCode>PC</QuantityCode>
</CargoInformation>
</MatItem>
<MatItem>
<SequenceNumber>32</SequenceNumber>
<Material>
<Material>GH82-25566A</Material>
<ItemNumber>290</ItemNumber>
</Material>
<Plant>
<Code>V902</Code>
</Plant>
<StorageLocation>
<Code>RS10</Code>
<Grade>A</Grade>
</StorageLocation>
<CargoInformation>
<Quantity>1</Quantity>
<QuantityCode>PC</QuantityCode>
</CargoInformation>
</MatItem>
<MatItem>
<SequenceNumber>4</SequenceNumber>
<Material>
<Material>GH81-17774A</Material>
<ItemNumber>10</ItemNumber>
</Material>
<Plant>
<Code>V902</Code>
</Plant>
<StorageLocation>
<Code>RS10</Code>
<Grade>A</Grade>
</StorageLocation>
<CargoInformation>
<Quantity>1</Quantity>
<QuantityCode>PC</QuantityCode>
</CargoInformation>
</MatItem>
<MatItem>
<SequenceNumber>5</SequenceNumber>
<Material>
<Material>GH82-19204A</Material>
<ItemNumber>20</ItemNumber>
</Material>
<Plant>
<Code>V902</Code>
</Plant>
<StorageLocation>
<Code>RS10</Code>
<Grade>A</Grade>
</StorageLocation>
<CargoInformation>
<Quantity>1</Quantity>
<QuantityCode>PC</QuantityCode>
</CargoInformation>
</MatItem>
<MatItem>
<SequenceNumber>6</SequenceNumber>
<Material>
<Material>GH82-19571A</Material>
<ItemNumber>30</ItemNumber>
</Material>
<Plant>
<Code>V902</Code>
</Plant>
<StorageLocation>
<Code>RS10</Code>
<Grade>A</Grade>
</StorageLocation>
<CargoInformation>
<Quantity>1</Quantity>
<QuantityCode>PC</QuantityCode>
</CargoInformation>
</MatItem>
<MatItem>
<SequenceNumber>7</SequenceNumber>
<Material>
<Material>GH82-21265A</Material>
<ItemNumber>40</ItemNumber>
</Material>
<Plant>
<Code>V902</Code>
</Plant>
<StorageLocation>
<Code>RS10</Code>
<Grade>A</Grade>
</StorageLocation>
<CargoInformation>
<Quantity>1</Quantity>
<QuantityCode>PC</QuantityCode>
</CargoInformation>
</MatItem>
<MatItem>
<SequenceNumber>8</SequenceNumber>
<Material>
<Material>GH82-22123A</Material>
<ItemNumber>50</ItemNumber>
</Material>
<Plant>
<Code>V902</Code>
</Plant>
<StorageLocation>
<Code>RS10</Code>
<Grade>A</Grade>
</StorageLocation>
<CargoInformation>
<Quantity>1</Quantity>
<QuantityCode>PC</QuantityCode>
</CargoInformation>
</MatItem>
<MatItem>
<SequenceNumber>9</SequenceNumber>
<Material>
<Material>GH82-18849A</Material>
<ItemNumber>60</ItemNumber>
</Material>
<Plant>
<Code>V902</Code>
</Plant>
<StorageLocation>
<Code>RS10</Code>
<Grade>A</Grade>
</StorageLocation>
<CargoInformation>
<Quantity>1</Quantity>
<QuantityCode>PC</QuantityCode>
</CargoInformation>
</MatItem>
</MatList>
<PKGList>
<PKGItem>
<SequenceNumber>1</SequenceNumber>
<CartonNumber>211001349016</CartonNumber>
<CargoInformation>
<Quantity>3</Quantity>
<QuantityCode>PC</QuantityCode>
<Volume>0.004310</Volume>
<VolumeCode>M3</VolumeCode>
<GrossWeight>0.450000</GrossWeight>
<GrossWeightCode>KG</GrossWeightCode>
<NetWeight>0.450000</NetWeight>
<NetWeightCode>KG</NetWeightCode>
<ChargeableWeight>0.000000</ChargeableWeight>
<ChargeableWeightCode>KG</ChargeableWeightCode>
</CargoInformation>
<Field1>140</Field1>
<Field2>140</Field2>
<Field3>220</Field3>
</PKGItem>
<PKGItem>
<SequenceNumber>2</SequenceNumber>
<CartonNumber>211001349023</CartonNumber>
<CargoInformation>
<Quantity>30</Quantity>
<QuantityCode>PC</QuantityCode>
<Volume>0.021600</Volume>
<VolumeCode>M3</VolumeCode>
<GrossWeight>2.350000</GrossWeight>
<GrossWeightCode>KG</GrossWeightCode>
<NetWeight>2.350000</NetWeight>
<NetWeightCode>KG</NetWeightCode>
<ChargeableWeight>0.000000</ChargeableWeight>
<ChargeableWeightCode>KG</ChargeableWeightCode>
</CargoInformation>
<Field1>360</Field1>
<Field2>240</Field2>
<Field3>250</Field3>
</PKGItem>
</PKGList>

</nr1:PKGINF>