<?xml version="1.0" encoding="UTF-8"?>
<nr1:ACKANS xmlns:nr1="http://edi.sec.samsung.com/GLS_ECC_LE/ELEM" xmlns:xsi="http://www.w3.org/2001/XMLSchema-instance" xsi:schemaLocation="http://edi.sec.samsung.com/GLS_ECC_LE/ELEM SECXML_ACKANS.xsd">
<MessageSenderIdentifier>T911</MessageSenderIdentifier>
<MessageReceiverIdentifier>T911G4058</MessageReceiverIdentifier>
<MessageTypeIdentifier>ACKANS</MessageTypeIdentifier>
<MessageFunctionCode>S</MessageFunctionCode>
<ReferenceMessageTypeIdentifier>TRKINF</ReferenceMessageTypeIdentifier>
<MessageNumber>TRKINF_0000000000000000000000009098</MessageNumber>
<MessageReceiveDate>20210808</MessageReceiveDate>
<MessageReceiveTime>050541</MessageReceiveTime>
<AckSendDate>20210808</AckSendDate>
<AckSendTime>050541</AckSendTime>
<HandlingInformation>SUCCESS</HandlingInformation>
</nr1:ACKANS>