<?xml version="1.0" encoding="UTF-8"?>
<nr1:TRKINF xmlns:nr1="http://edi.sec.samsung.com/GLS_ECC_LE/ELEM" xmlns:xsi="http://www.w3.org/2001/XMLSchema-instance" xsi:schemaLocation="http://edi.sec.samsung.com/GLS_ECC_LE/ELEM TRKINF.xsd">
	<MessageSenderIdentifier>T911G4058</MessageSenderIdentifier>
	<MessageSenderName>LLC Global Delivery</MessageSenderName>
	<MessageReceiverIdentifier>T911</MessageReceiverIdentifier>
	<MessageReceiverName>SAMSUNG SDS GLOBAL SCL RUS LLC</MessageReceiverName>
	<MessageTypeIdentifier>TRKINF</MessageTypeIdentifier>
	<MessageName>Tracking Information</MessageName>
	<MessageNumber>TRKINF_0000000000000000000000009098</MessageNumber>
	<MessageFunctionCode>9</MessageFunctionCode>
	<DocumentNumber>S20210807194866</DocumentNumber>
	<DocumentDate>20210807</DocumentDate>
	<RelatedMessageTypeIdentifier>OUTDLY</RelatedMessageTypeIdentifier>
	<RelatedMessageNumber>S20210807194866</RelatedMessageNumber>
	<RelatedDocumentNumber>S20210807194866</RelatedDocumentNumber>
	<RelatedDocumentDate>20210807</RelatedDocumentDate>
	<TrackingType>PACK</TrackingType>
	<PackingNo>211001348191</PackingNo>
	<TotalQuantity>2</TotalQuantity>
	<TotalQuantityCode>BOX</TotalQuantityCode>
	<TotalVolume>0.111310</TotalVolume>
	<TotalVolumeCode>M3</TotalVolumeCode>
	<TotalGrossWeight>19.750000</TotalGrossWeight>
	<TotalGrossWeightCode>KG</TotalGrossWeightCode>
	<TotalChargeableWeight>18552.000000</TotalChargeableWeight>
	<TotalChargeableWeightCode>KG</TotalChargeableWeightCode>
	<EvnList>
		<EvnItem>
			<SequenceNumber>1</SequenceNumber>
			<EventType>TR01-20</EventType>
			<EventName>Warehouse Departure</EventName>
			<CountryCode>RU</CountryCode>
			<CountryName>Russia</CountryName>
			<CityCode>MOW</CityCode>
			<CityName>Moskba</CityName>
			<EstimateDate>20210807</EstimateDate>
			<EstimateTime>210000</EstimateTime>
			<ActualDate>20210808</ActualDate>
			<ActualTime>064756</ActualTime>
			<CurrentEvent>X</CurrentEvent>
			<Description>Warehouse Departure..</Description>
		</EvnItem>
	</EvnList>
	<MatList>
		<MatItem>
			<SequenceNumber>1</SequenceNumber>
			<Material>3001-002856</Material>
			<ItemNumber>10</ItemNumber>
			<Quantity>1</Quantity>
			<QuantityCode>PC</QuantityCode>
		</MatItem>
		<MatItem>
			<SequenceNumber>10</SequenceNumber>
			<Material>GH02-22496A</Material>
			<ItemNumber>100</ItemNumber>
			<Quantity>1</Quantity>
			<QuantityCode>PC</QuantityCode>
		</MatItem>
		<MatItem>
			<SequenceNumber>100</SequenceNumber>
			<Material>GH82-24688A</Material>
			<ItemNumber>1000</ItemNumber>
			<Quantity>1</Quantity>
			<QuantityCode>PC</QuantityCode>
		</MatItem>
		<MatItem>
			<SequenceNumber>101</SequenceNumber>
			<Material>GH82-25116B</Material>
			<ItemNumber>1010</ItemNumber>
			<Quantity>1</Quantity>
			<QuantityCode>PC</QuantityCode>
		</MatItem>
		<MatItem>
			<SequenceNumber>102</SequenceNumber>
			<Material>GH82-25444A</Material>
			<ItemNumber>1020</ItemNumber>
			<Quantity>1</Quantity>
			<QuantityCode>PC</QuantityCode>
		</MatItem>
		<MatItem>
			<SequenceNumber>103</SequenceNumber>
			<Material>GH82-25460C</Material>
			<ItemNumber>1030</ItemNumber>
			<Quantity>1</Quantity>
			<QuantityCode>PC</QuantityCode>
		</MatItem>
		<MatItem>
			<SequenceNumber>104</SequenceNumber>
			<Material>GH82-25523A</Material>
			<ItemNumber>1040</ItemNumber>
			<Quantity>1</Quantity>
			<QuantityCode>PC</QuantityCode>
		</MatItem>
		<MatItem>
			<SequenceNumber>105</SequenceNumber>
			<Material>GH82-25566A</Material>
			<ItemNumber>1050</ItemNumber>
			<Quantity>23</Quantity>
			<QuantityCode>PC</QuantityCode>
		</MatItem>
		<MatItem>
			<SequenceNumber>106</SequenceNumber>
			<Material>GH82-25675A</Material>
			<ItemNumber>1060</ItemNumber>
			<Quantity>1</Quantity>
			<QuantityCode>PC</QuantityCode>
		</MatItem>
		<MatItem>
			<SequenceNumber>107</SequenceNumber>
			<Material>GH82-25734A</Material>
			<ItemNumber>1070</ItemNumber>
			<Quantity>1</Quantity>
			<QuantityCode>PC</QuantityCode>
		</MatItem>
		<MatItem>
			<SequenceNumber>108</SequenceNumber>
			<Material>GH59-15202A</Material>
			<ItemNumber>1080</ItemNumber>
			<Quantity>3</Quantity>
			<QuantityCode>PC</QuantityCode>
		</MatItem>
		<MatItem>
			<SequenceNumber>109</SequenceNumber>
			<Material>GH82-25736A</Material>
			<ItemNumber>1090</ItemNumber>
			<Quantity>3</Quantity>
			<QuantityCode>PC</QuantityCode>
		</MatItem>
		<MatItem>
			<SequenceNumber>11</SequenceNumber>
			<Material>GH31-00767A</Material>
			<ItemNumber>110</ItemNumber>
			<Quantity>1</Quantity>
			<QuantityCode>PC</QuantityCode>
		</MatItem>
		<MatItem>
			<SequenceNumber>110</SequenceNumber>
			<Material>GH82-25944A</Material>
			<ItemNumber>1100</ItemNumber>
			<Quantity>1</Quantity>
			<QuantityCode>PC</QuantityCode>
		</MatItem>
		<MatItem>
			<SequenceNumber>111</SequenceNumber>
			<Material>GH82-26032B</Material>
			<ItemNumber>1110</ItemNumber>
			<Quantity>1</Quantity>
			<QuantityCode>PC</QuantityCode>
		</MatItem>
		<MatItem>
			<SequenceNumber>112</SequenceNumber>
			<Material>GH82-26035A</Material>
			<ItemNumber>1120</ItemNumber>
			<Quantity>1</Quantity>
			<QuantityCode>PC</QuantityCode>
		</MatItem>
		<MatItem>
			<SequenceNumber>113</SequenceNumber>
			<Material>GH96-11874A</Material>
			<ItemNumber>1130</ItemNumber>
			<Quantity>1</Quantity>
			<QuantityCode>PC</QuantityCode>
		</MatItem>
		<MatItem>
			<SequenceNumber>114</SequenceNumber>
			<Material>GH96-12078A</Material>
			<ItemNumber>1140</ItemNumber>
			<Quantity>11</Quantity>
			<QuantityCode>PC</QuantityCode>
		</MatItem>
		<MatItem>
			<SequenceNumber>115</SequenceNumber>
			<Material>GH96-12454A</Material>
			<ItemNumber>1150</ItemNumber>
			<Quantity>1</Quantity>
			<QuantityCode>PC</QuantityCode>
		</MatItem>
		<MatItem>
			<SequenceNumber>116</SequenceNumber>
			<Material>GH96-12616A</Material>
			<ItemNumber>1160</ItemNumber>
			<Quantity>1</Quantity>
			<QuantityCode>PC</QuantityCode>
		</MatItem>
		<MatItem>
			<SequenceNumber>117</SequenceNumber>
			<Material>GH96-12781A</Material>
			<ItemNumber>1170</ItemNumber>
			<Quantity>1</Quantity>
			<QuantityCode>PC</QuantityCode>
		</MatItem>
		<MatItem>
			<SequenceNumber>118</SequenceNumber>
			<Material>GH96-12851A</Material>
			<ItemNumber>1180</ItemNumber>
			<Quantity>5</Quantity>
			<QuantityCode>PC</QuantityCode>
		</MatItem>
		<MatItem>
			<SequenceNumber>119</SequenceNumber>
			<Material>GH96-13765A</Material>
			<ItemNumber>1190</ItemNumber>
			<Quantity>1</Quantity>
			<QuantityCode>PC</QuantityCode>
		</MatItem>
		<MatItem>
			<SequenceNumber>12</SequenceNumber>
			<Material>GH39-01946A</Material>
			<ItemNumber>120</ItemNumber>
			<Quantity>1</Quantity>
			<QuantityCode>PC</QuantityCode>
		</MatItem>
		<MatItem>
			<SequenceNumber>120</SequenceNumber>
			<Material>GH96-13917A</Material>
			<ItemNumber>1200</ItemNumber>
			<Quantity>1</Quantity>
			<QuantityCode>PC</QuantityCode>
		</MatItem>
		<MatItem>
			<SequenceNumber>121</SequenceNumber>
			<Material>GH96-14044A</Material>
			<ItemNumber>1210</ItemNumber>
			<Quantity>3</Quantity>
			<QuantityCode>PC</QuantityCode>
		</MatItem>
		<MatItem>
			<SequenceNumber>122</SequenceNumber>
			<Material>GH96-14087C</Material>
			<ItemNumber>1220</ItemNumber>
			<Quantity>1</Quantity>
			<QuantityCode>PC</QuantityCode>
		</MatItem>
		<MatItem>
			<SequenceNumber>123</SequenceNumber>
			<Material>GH96-14157A</Material>
			<ItemNumber>1230</ItemNumber>
			<Quantity>1</Quantity>
			<QuantityCode>PC</QuantityCode>
		</MatItem>
		<MatItem>
			<SequenceNumber>124</SequenceNumber>
			<Material>GH97-20457C</Material>
			<ItemNumber>1240</ItemNumber>
			<Quantity>1</Quantity>
			<QuantityCode>PC</QuantityCode>
		</MatItem>
		<MatItem>
			<SequenceNumber>125</SequenceNumber>
			<Material>GH97-20470C</Material>
			<ItemNumber>1250</ItemNumber>
			<Quantity>1</Quantity>
			<QuantityCode>PC</QuantityCode>
		</MatItem>
		<MatItem>
			<SequenceNumber>126</SequenceNumber>
			<Material>GH97-21065B</Material>
			<ItemNumber>1260</ItemNumber>
			<Quantity>1</Quantity>
			<QuantityCode>PC</QuantityCode>
		</MatItem>
		<MatItem>
			<SequenceNumber>127</SequenceNumber>
			<Material>GH97-21534A</Material>
			<ItemNumber>1270</ItemNumber>
			<Quantity>1</Quantity>
			<QuantityCode>PC</QuantityCode>
		</MatItem>
		<MatItem>
			<SequenceNumber>128</SequenceNumber>
			<Material>GH97-21691A</Material>
			<ItemNumber>1280</ItemNumber>
			<Quantity>1</Quantity>
			<QuantityCode>PC</QuantityCode>
		</MatItem>
		<MatItem>
			<SequenceNumber>129</SequenceNumber>
			<Material>GH97-21696A</Material>
			<ItemNumber>1290</ItemNumber>
			<Quantity>1</Quantity>
			<QuantityCode>PC</QuantityCode>
		</MatItem>
		<MatItem>
			<SequenceNumber>13</SequenceNumber>
			<Material>GH39-01999A</Material>
			<ItemNumber>130</ItemNumber>
			<Quantity>1</Quantity>
			<QuantityCode>PC</QuantityCode>
		</MatItem>
		<MatItem>
			<SequenceNumber>130</SequenceNumber>
			<Material>GH97-22269A</Material>
			<ItemNumber>1300</ItemNumber>
			<Quantity>1</Quantity>
			<QuantityCode>PC</QuantityCode>
		</MatItem>
		<MatItem>
			<SequenceNumber>131</SequenceNumber>
			<Material>GH97-22278A</Material>
			<ItemNumber>1310</ItemNumber>
			<Quantity>1</Quantity>
			<QuantityCode>PC</QuantityCode>
		</MatItem>
		<MatItem>
			<SequenceNumber>132</SequenceNumber>
			<Material>GH97-22504A</Material>
			<ItemNumber>1320</ItemNumber>
			<Quantity>1</Quantity>
			<QuantityCode>PC</QuantityCode>
		</MatItem>
		<MatItem>
			<SequenceNumber>133</SequenceNumber>
			<Material>GH97-22582A</Material>
			<ItemNumber>1330</ItemNumber>
			<Quantity>1</Quantity>
			<QuantityCode>PC</QuantityCode>
		</MatItem>
		<MatItem>
			<SequenceNumber>134</SequenceNumber>
			<Material>GH98-44756A</Material>
			<ItemNumber>1340</ItemNumber>
			<Quantity>1</Quantity>
			<QuantityCode>PC</QuantityCode>
		</MatItem>
		<MatItem>
			<SequenceNumber>135</SequenceNumber>
			<Material>GH98-45033B</Material>
			<ItemNumber>1350</ItemNumber>
			<Quantity>1</Quantity>
			<QuantityCode>PC</QuantityCode>
		</MatItem>
		<MatItem>
			<SequenceNumber>136</SequenceNumber>
			<Material>GH98-45036B</Material>
			<ItemNumber>1360</ItemNumber>
			<Quantity>1</Quantity>
			<QuantityCode>PC</QuantityCode>
		</MatItem>
		<MatItem>
			<SequenceNumber>14</SequenceNumber>
			<Material>GH39-02004A</Material>
			<ItemNumber>140</ItemNumber>
			<Quantity>1</Quantity>
			<QuantityCode>PC</QuantityCode>
		</MatItem>
		<MatItem>
			<SequenceNumber>15</SequenceNumber>
			<Material>GH39-02026A</Material>
			<ItemNumber>150</ItemNumber>
			<Quantity>1</Quantity>
			<QuantityCode>PC</QuantityCode>
		</MatItem>
		<MatItem>
			<SequenceNumber>16</SequenceNumber>
			<Material>GH42-06420A</Material>
			<ItemNumber>160</ItemNumber>
			<Quantity>1</Quantity>
			<QuantityCode>PC</QuantityCode>
		</MatItem>
		<MatItem>
			<SequenceNumber>17</SequenceNumber>
			<Material>GH43-04968A</Material>
			<ItemNumber>170</ItemNumber>
			<Quantity>1</Quantity>
			<QuantityCode>PC</QuantityCode>
		</MatItem>
		<MatItem>
			<SequenceNumber>18</SequenceNumber>
			<Material>GH43-05038A</Material>
			<ItemNumber>180</ItemNumber>
			<Quantity>1</Quantity>
			<QuantityCode>PC</QuantityCode>
		</MatItem>
		<MatItem>
			<SequenceNumber>19</SequenceNumber>
			<Material>GH59-15155A</Material>
			<ItemNumber>190</ItemNumber>
			<Quantity>1</Quantity>
			<QuantityCode>PC</QuantityCode>
		</MatItem>
		<MatItem>
			<SequenceNumber>2</SequenceNumber>
			<Material>3009-001705</Material>
			<ItemNumber>20</ItemNumber>
			<Quantity>1</Quantity>
			<QuantityCode>PC</QuantityCode>
		</MatItem>
		<MatItem>
			<SequenceNumber>20</SequenceNumber>
			<Material>GH59-15266A</Material>
			<ItemNumber>200</ItemNumber>
			<Quantity>1</Quantity>
			<QuantityCode>PC</QuantityCode>
		</MatItem>
		<MatItem>
			<SequenceNumber>21</SequenceNumber>
			<Material>GH59-15366A</Material>
			<ItemNumber>210</ItemNumber>
			<Quantity>5</Quantity>
			<QuantityCode>PC</QuantityCode>
		</MatItem>
		<MatItem>
			<SequenceNumber>22</SequenceNumber>
			<Material>GH59-15367A</Material>
			<ItemNumber>220</ItemNumber>
			<Quantity>1</Quantity>
			<QuantityCode>PC</QuantityCode>
		</MatItem>
		<MatItem>
			<SequenceNumber>23</SequenceNumber>
			<Material>GH59-15385A</Material>
			<ItemNumber>230</ItemNumber>
			<Quantity>1</Quantity>
			<QuantityCode>PC</QuantityCode>
		</MatItem>
		<MatItem>
			<SequenceNumber>24</SequenceNumber>
			<Material>GH59-15413A</Material>
			<ItemNumber>240</ItemNumber>
			<Quantity>1</Quantity>
			<QuantityCode>PC</QuantityCode>
		</MatItem>
		<MatItem>
			<SequenceNumber>25</SequenceNumber>
			<Material>GH59-15425A</Material>
			<ItemNumber>250</ItemNumber>
			<Quantity>1</Quantity>
			<QuantityCode>PC</QuantityCode>
		</MatItem>
		<MatItem>
			<SequenceNumber>26</SequenceNumber>
			<Material>GH81-15211A</Material>
			<ItemNumber>260</ItemNumber>
			<Quantity>1</Quantity>
			<QuantityCode>PC</QuantityCode>
		</MatItem>
		<MatItem>
			<SequenceNumber>27</SequenceNumber>
			<Material>GH81-16711A</Material>
			<ItemNumber>270</ItemNumber>
			<Quantity>12</Quantity>
			<QuantityCode>PC</QuantityCode>
		</MatItem>
		<MatItem>
			<SequenceNumber>28</SequenceNumber>
			<Material>GH81-16727A</Material>
			<ItemNumber>280</ItemNumber>
			<Quantity>1</Quantity>
			<QuantityCode>PC</QuantityCode>
		</MatItem>
		<MatItem>
			<SequenceNumber>29</SequenceNumber>
			<Material>GH81-18183A</Material>
			<ItemNumber>290</ItemNumber>
			<Quantity>1</Quantity>
			<QuantityCode>PC</QuantityCode>
		</MatItem>
		<MatItem>
			<SequenceNumber>3</SequenceNumber>
			<Material>GH02-17850A</Material>
			<ItemNumber>30</ItemNumber>
			<Quantity>1</Quantity>
			<QuantityCode>PC</QuantityCode>
		</MatItem>
		<MatItem>
			<SequenceNumber>30</SequenceNumber>
			<Material>GH81-18597A</Material>
			<ItemNumber>300</ItemNumber>
			<Quantity>1</Quantity>
			<QuantityCode>PC</QuantityCode>
		</MatItem>
		<MatItem>
			<SequenceNumber>31</SequenceNumber>
			<Material>GH81-18598A</Material>
			<ItemNumber>310</ItemNumber>
			<Quantity>1</Quantity>
			<QuantityCode>PC</QuantityCode>
		</MatItem>
		<MatItem>
			<SequenceNumber>32</SequenceNumber>
			<Material>GH81-18730A</Material>
			<ItemNumber>320</ItemNumber>
			<Quantity>1</Quantity>
			<QuantityCode>PC</QuantityCode>
		</MatItem>
		<MatItem>
			<SequenceNumber>33</SequenceNumber>
			<Material>GH81-18734A</Material>
			<ItemNumber>330</ItemNumber>
			<Quantity>3</Quantity>
			<QuantityCode>PC</QuantityCode>
		</MatItem>
		<MatItem>
			<SequenceNumber>34</SequenceNumber>
			<Material>GH81-18736A</Material>
			<ItemNumber>340</ItemNumber>
			<Quantity>3</Quantity>
			<QuantityCode>PC</QuantityCode>
		</MatItem>
		<MatItem>
			<SequenceNumber>35</SequenceNumber>
			<Material>GH81-18753A</Material>
			<ItemNumber>350</ItemNumber>
			<Quantity>1</Quantity>
			<QuantityCode>PC</QuantityCode>
		</MatItem>
		<MatItem>
			<SequenceNumber>36</SequenceNumber>
			<Material>GH81-18760A</Material>
			<ItemNumber>360</ItemNumber>
			<Quantity>1</Quantity>
			<QuantityCode>PC</QuantityCode>
		</MatItem>
		<MatItem>
			<SequenceNumber>37</SequenceNumber>
			<Material>GH81-19161A</Material>
			<ItemNumber>370</ItemNumber>
			<Quantity>1</Quantity>
			<QuantityCode>PC</QuantityCode>
		</MatItem>
		<MatItem>
			<SequenceNumber>38</SequenceNumber>
			<Material>GH81-19848A</Material>
			<ItemNumber>380</ItemNumber>
			<Quantity>1</Quantity>
			<QuantityCode>PC</QuantityCode>
		</MatItem>
		<MatItem>
			<SequenceNumber>39</SequenceNumber>
			<Material>GH81-20118A</Material>
			<ItemNumber>390</ItemNumber>
			<Quantity>1</Quantity>
			<QuantityCode>PC</QuantityCode>
		</MatItem>
		<MatItem>
			<SequenceNumber>4</SequenceNumber>
			<Material>GH02-20014A</Material>
			<ItemNumber>40</ItemNumber>
			<Quantity>9</Quantity>
			<QuantityCode>PC</QuantityCode>
		</MatItem>
		<MatItem>
			<SequenceNumber>40</SequenceNumber>
			<Material>GH81-20632A</Material>
			<ItemNumber>400</ItemNumber>
			<Quantity>1</Quantity>
			<QuantityCode>PC</QuantityCode>
		</MatItem>
		<MatItem>
			<SequenceNumber>41</SequenceNumber>
			<Material>GH81-20663A</Material>
			<ItemNumber>410</ItemNumber>
			<Quantity>1</Quantity>
			<QuantityCode>PC</QuantityCode>
		</MatItem>
		<MatItem>
			<SequenceNumber>42</SequenceNumber>
			<Material>GH81-20827A</Material>
			<ItemNumber>420</ItemNumber>
			<Quantity>1</Quantity>
			<QuantityCode>PC</QuantityCode>
		</MatItem>
		<MatItem>
			<SequenceNumber>43</SequenceNumber>
			<Material>GH82-14072A</Material>
			<ItemNumber>430</ItemNumber>
			<Quantity>1</Quantity>
			<QuantityCode>PC</QuantityCode>
		</MatItem>
		<MatItem>
			<SequenceNumber>44</SequenceNumber>
			<Material>GH82-14108A</Material>
			<ItemNumber>440</ItemNumber>
			<Quantity>2</Quantity>
			<QuantityCode>PC</QuantityCode>
		</MatItem>
		<MatItem>
			<SequenceNumber>45</SequenceNumber>
			<Material>GH82-15629A</Material>
			<ItemNumber>450</ItemNumber>
			<Quantity>1</Quantity>
			<QuantityCode>PC</QuantityCode>
		</MatItem>
		<MatItem>
			<SequenceNumber>46</SequenceNumber>
			<Material>GH82-15635A</Material>
			<ItemNumber>460</ItemNumber>
			<Quantity>1</Quantity>
			<QuantityCode>PC</QuantityCode>
		</MatItem>
		<MatItem>
			<SequenceNumber>47</SequenceNumber>
			<Material>GH82-15963A</Material>
			<ItemNumber>470</ItemNumber>
			<Quantity>1</Quantity>
			<QuantityCode>PC</QuantityCode>
		</MatItem>
		<MatItem>
			<SequenceNumber>48</SequenceNumber>
			<Material>GH82-15971A</Material>
			<ItemNumber>480</ItemNumber>
			<Quantity>1</Quantity>
			<QuantityCode>PC</QuantityCode>
		</MatItem>
		<MatItem>
			<SequenceNumber>49</SequenceNumber>
			<Material>GH82-17460A</Material>
			<ItemNumber>490</ItemNumber>
			<Quantity>1</Quantity>
			<QuantityCode>PC</QuantityCode>
		</MatItem>
		<MatItem>
			<SequenceNumber>5</SequenceNumber>
			<Material>GH02-20108A</Material>
			<ItemNumber>50</ItemNumber>
			<Quantity>1</Quantity>
			<QuantityCode>PC</QuantityCode>
		</MatItem>
		<MatItem>
			<SequenceNumber>50</SequenceNumber>
			<Material>GH82-17562A</Material>
			<ItemNumber>500</ItemNumber>
			<Quantity>1</Quantity>
			<QuantityCode>PC</QuantityCode>
		</MatItem>
		<MatItem>
			<SequenceNumber>51</SequenceNumber>
			<Material>GH82-17750A</Material>
			<ItemNumber>510</ItemNumber>
			<Quantity>1</Quantity>
			<QuantityCode>PC</QuantityCode>
		</MatItem>
		<MatItem>
			<SequenceNumber>52</SequenceNumber>
			<Material>GH82-18534E</Material>
			<ItemNumber>520</ItemNumber>
			<Quantity>1</Quantity>
			<QuantityCode>PC</QuantityCode>
		</MatItem>
		<MatItem>
			<SequenceNumber>53</SequenceNumber>
			<Material>GH82-18800A</Material>
			<ItemNumber>530</ItemNumber>
			<Quantity>5</Quantity>
			<QuantityCode>PC</QuantityCode>
		</MatItem>
		<MatItem>
			<SequenceNumber>54</SequenceNumber>
			<Material>GH82-18801A</Material>
			<ItemNumber>540</ItemNumber>
			<Quantity>2</Quantity>
			<QuantityCode>PC</QuantityCode>
		</MatItem>
		<MatItem>
			<SequenceNumber>55</SequenceNumber>
			<Material>GH82-18802A</Material>
			<ItemNumber>550</ItemNumber>
			<Quantity>2</Quantity>
			<QuantityCode>PC</QuantityCode>
		</MatItem>
		<MatItem>
			<SequenceNumber>56</SequenceNumber>
			<Material>GH82-18849A</Material>
			<ItemNumber>560</ItemNumber>
			<Quantity>7</Quantity>
			<QuantityCode>PC</QuantityCode>
		</MatItem>
		<MatItem>
			<SequenceNumber>57</SequenceNumber>
			<Material>GH82-18849E</Material>
			<ItemNumber>570</ItemNumber>
			<Quantity>1</Quantity>
			<QuantityCode>PC</QuantityCode>
		</MatItem>
		<MatItem>
			<SequenceNumber>58</SequenceNumber>
			<Material>GH82-18849H</Material>
			<ItemNumber>580</ItemNumber>
			<Quantity>1</Quantity>
			<QuantityCode>PC</QuantityCode>
		</MatItem>
		<MatItem>
			<SequenceNumber>59</SequenceNumber>
			<Material>GH82-18850B</Material>
			<ItemNumber>590</ItemNumber>
			<Quantity>3</Quantity>
			<QuantityCode>PC</QuantityCode>
		</MatItem>
		<MatItem>
			<SequenceNumber>6</SequenceNumber>
			<Material>GH02-20300A</Material>
			<ItemNumber>60</ItemNumber>
			<Quantity>1</Quantity>
			<QuantityCode>PC</QuantityCode>
		</MatItem>
		<MatItem>
			<SequenceNumber>60</SequenceNumber>
			<Material>GH82-18852A</Material>
			<ItemNumber>600</ItemNumber>
			<Quantity>1</Quantity>
			<QuantityCode>PC</QuantityCode>
		</MatItem>
		<MatItem>
			<SequenceNumber>61</SequenceNumber>
			<Material>GH82-19202A</Material>
			<ItemNumber>610</ItemNumber>
			<Quantity>11</Quantity>
			<QuantityCode>PC</QuantityCode>
		</MatItem>
		<MatItem>
			<SequenceNumber>62</SequenceNumber>
			<Material>GH82-19204A</Material>
			<ItemNumber>620</ItemNumber>
			<Quantity>3</Quantity>
			<QuantityCode>PC</QuantityCode>
		</MatItem>
		<MatItem>
			<SequenceNumber>63</SequenceNumber>
			<Material>GH82-19582A</Material>
			<ItemNumber>630</ItemNumber>
			<Quantity>1</Quantity>
			<QuantityCode>PC</QuantityCode>
		</MatItem>
		<MatItem>
			<SequenceNumber>64</SequenceNumber>
			<Material>GH82-19672A</Material>
			<ItemNumber>640</ItemNumber>
			<Quantity>23</Quantity>
			<QuantityCode>PC</QuantityCode>
		</MatItem>
		<MatItem>
			<SequenceNumber>65</SequenceNumber>
			<Material>GH82-19747A</Material>
			<ItemNumber>650</ItemNumber>
			<Quantity>11</Quantity>
			<QuantityCode>PC</QuantityCode>
		</MatItem>
		<MatItem>
			<SequenceNumber>66</SequenceNumber>
			<Material>GH82-20818A</Material>
			<ItemNumber>660</ItemNumber>
			<Quantity>1</Quantity>
			<QuantityCode>PC</QuantityCode>
		</MatItem>
		<MatItem>
			<SequenceNumber>67</SequenceNumber>
			<Material>GH82-20838C</Material>
			<ItemNumber>670</ItemNumber>
			<Quantity>1</Quantity>
			<QuantityCode>PC</QuantityCode>
		</MatItem>
		<MatItem>
			<SequenceNumber>68</SequenceNumber>
			<Material>GH82-21104B</Material>
			<ItemNumber>680</ItemNumber>
			<Quantity>1</Quantity>
			<QuantityCode>PC</QuantityCode>
		</MatItem>
		<MatItem>
			<SequenceNumber>69</SequenceNumber>
			<Material>GH82-21668A</Material>
			<ItemNumber>690</ItemNumber>
			<Quantity>6</Quantity>
			<QuantityCode>PC</QuantityCode>
		</MatItem>
		<MatItem>
			<SequenceNumber>7</SequenceNumber>
			<Material>GH02-20352A</Material>
			<ItemNumber>70</ItemNumber>
			<Quantity>5</Quantity>
			<QuantityCode>PC</QuantityCode>
		</MatItem>
		<MatItem>
			<SequenceNumber>70</SequenceNumber>
			<Material>GH82-21669A</Material>
			<ItemNumber>700</ItemNumber>
			<Quantity>27</Quantity>
			<QuantityCode>PC</QuantityCode>
		</MatItem>
		<MatItem>
			<SequenceNumber>71</SequenceNumber>
			<Material>GH82-22123D</Material>
			<ItemNumber>710</ItemNumber>
			<Quantity>1</Quantity>
			<QuantityCode>PC</QuantityCode>
		</MatItem>
		<MatItem>
			<SequenceNumber>72</SequenceNumber>
			<Material>GH82-22123E</Material>
			<ItemNumber>720</ItemNumber>
			<Quantity>1</Quantity>
			<QuantityCode>PC</QuantityCode>
		</MatItem>
		<MatItem>
			<SequenceNumber>73</SequenceNumber>
			<Material>GH82-22133A</Material>
			<ItemNumber>730</ItemNumber>
			<Quantity>1</Quantity>
			<QuantityCode>PC</QuantityCode>
		</MatItem>
		<MatItem>
			<SequenceNumber>74</SequenceNumber>
			<Material>GH82-22135A</Material>
			<ItemNumber>740</ItemNumber>
			<Quantity>8</Quantity>
			<QuantityCode>PC</QuantityCode>
		</MatItem>
		<MatItem>
			<SequenceNumber>75</SequenceNumber>
			<Material>GH82-22152A</Material>
			<ItemNumber>750</ItemNumber>
			<Quantity>3</Quantity>
			<QuantityCode>PC</QuantityCode>
		</MatItem>
		<MatItem>
			<SequenceNumber>76</SequenceNumber>
			<Material>GH82-22196G</Material>
			<ItemNumber>760</ItemNumber>
			<Quantity>1</Quantity>
			<QuantityCode>PC</QuantityCode>
		</MatItem>
		<MatItem>
			<SequenceNumber>77</SequenceNumber>
			<Material>GH82-22215A</Material>
			<ItemNumber>770</ItemNumber>
			<Quantity>1</Quantity>
			<QuantityCode>PC</QuantityCode>
		</MatItem>
		<MatItem>
			<SequenceNumber>78</SequenceNumber>
			<Material>GH82-22332A</Material>
			<ItemNumber>780</ItemNumber>
			<Quantity>1</Quantity>
			<QuantityCode>PC</QuantityCode>
		</MatItem>
		<MatItem>
			<SequenceNumber>79</SequenceNumber>
			<Material>GH82-22520A</Material>
			<ItemNumber>790</ItemNumber>
			<Quantity>1</Quantity>
			<QuantityCode>PC</QuantityCode>
		</MatItem>
		<MatItem>
			<SequenceNumber>8</SequenceNumber>
			<Material>GH02-20414A</Material>
			<ItemNumber>80</ItemNumber>
			<Quantity>1</Quantity>
			<QuantityCode>PC</QuantityCode>
		</MatItem>
		<MatItem>
			<SequenceNumber>80</SequenceNumber>
			<Material>GH82-22520E</Material>
			<ItemNumber>800</ItemNumber>
			<Quantity>1</Quantity>
			<QuantityCode>PC</QuantityCode>
		</MatItem>
		<MatItem>
			<SequenceNumber>81</SequenceNumber>
			<Material>GH82-22859A</Material>
			<ItemNumber>810</ItemNumber>
			<Quantity>1</Quantity>
			<QuantityCode>PC</QuantityCode>
		</MatItem>
		<MatItem>
			<SequenceNumber>82</SequenceNumber>
			<Material>GH82-22860A</Material>
			<ItemNumber>820</ItemNumber>
			<Quantity>1</Quantity>
			<QuantityCode>PC</QuantityCode>
		</MatItem>
		<MatItem>
			<SequenceNumber>83</SequenceNumber>
			<Material>GH82-22861A</Material>
			<ItemNumber>830</ItemNumber>
			<Quantity>1</Quantity>
			<QuantityCode>PC</QuantityCode>
		</MatItem>
		<MatItem>
			<SequenceNumber>84</SequenceNumber>
			<Material>GH82-22896A</Material>
			<ItemNumber>840</ItemNumber>
			<Quantity>2</Quantity>
			<QuantityCode>PC</QuantityCode>
		</MatItem>
		<MatItem>
			<SequenceNumber>85</SequenceNumber>
			<Material>GH82-22989A</Material>
			<ItemNumber>850</ItemNumber>
			<Quantity>2</Quantity>
			<QuantityCode>PC</QuantityCode>
		</MatItem>
		<MatItem>
			<SequenceNumber>86</SequenceNumber>
			<Material>GH82-23333A</Material>
			<ItemNumber>860</ItemNumber>
			<Quantity>1</Quantity>
			<QuantityCode>PC</QuantityCode>
		</MatItem>
		<MatItem>
			<SequenceNumber>87</SequenceNumber>
			<Material>GH82-23392A</Material>
			<ItemNumber>870</ItemNumber>
			<Quantity>1</Quantity>
			<QuantityCode>PC</QuantityCode>
		</MatItem>
		<MatItem>
			<SequenceNumber>88</SequenceNumber>
			<Material>GH82-23569A</Material>
			<ItemNumber>880</ItemNumber>
			<Quantity>1</Quantity>
			<QuantityCode>PC</QuantityCode>
		</MatItem>
		<MatItem>
			<SequenceNumber>89</SequenceNumber>
			<Material>GH82-23642A</Material>
			<ItemNumber>890</ItemNumber>
			<Quantity>1</Quantity>
			<QuantityCode>PC</QuantityCode>
		</MatItem>
		<MatItem>
			<SequenceNumber>9</SequenceNumber>
			<Material>GH02-22215A</Material>
			<ItemNumber>90</ItemNumber>
			<Quantity>1</Quantity>
			<QuantityCode>PC</QuantityCode>
		</MatItem>
		<MatItem>
			<SequenceNumber>90</SequenceNumber>
			<Material>GH82-23657A</Material>
			<ItemNumber>900</ItemNumber>
			<Quantity>1</Quantity>
			<QuantityCode>PC</QuantityCode>
		</MatItem>
		<MatItem>
			<SequenceNumber>91</SequenceNumber>
			<Material>GH82-23968A</Material>
			<ItemNumber>910</ItemNumber>
			<Quantity>1</Quantity>
			<QuantityCode>PC</QuantityCode>
		</MatItem>
		<MatItem>
			<SequenceNumber>92</SequenceNumber>
			<Material>GH82-24205A</Material>
			<ItemNumber>920</ItemNumber>
			<Quantity>1</Quantity>
			<QuantityCode>PC</QuantityCode>
		</MatItem>
		<MatItem>
			<SequenceNumber>93</SequenceNumber>
			<Material>GH82-24537A</Material>
			<ItemNumber>930</ItemNumber>
			<Quantity>1</Quantity>
			<QuantityCode>PC</QuantityCode>
		</MatItem>
		<MatItem>
			<SequenceNumber>94</SequenceNumber>
			<Material>GH82-24544B</Material>
			<ItemNumber>940</ItemNumber>
			<Quantity>1</Quantity>
			<QuantityCode>PC</QuantityCode>
		</MatItem>
		<MatItem>
			<SequenceNumber>95</SequenceNumber>
			<Material>GH82-24544C</Material>
			<ItemNumber>950</ItemNumber>
			<Quantity>1</Quantity>
			<QuantityCode>PC</QuantityCode>
		</MatItem>
		<MatItem>
			<SequenceNumber>96</SequenceNumber>
			<Material>GH82-24549A</Material>
			<ItemNumber>960</ItemNumber>
			<Quantity>2</Quantity>
			<QuantityCode>PC</QuantityCode>
		</MatItem>
		<MatItem>
			<SequenceNumber>97</SequenceNumber>
			<Material>GH82-24565A</Material>
			<ItemNumber>970</ItemNumber>
			<Quantity>2</Quantity>
			<QuantityCode>PC</QuantityCode>
		</MatItem>
		<MatItem>
			<SequenceNumber>98</SequenceNumber>
			<Material>GH82-24586C</Material>
			<ItemNumber>980</ItemNumber>
			<Quantity>1</Quantity>
			<QuantityCode>PC</QuantityCode>
		</MatItem>
		<MatItem>
			<SequenceNumber>99</SequenceNumber>
			<Material>GH82-24592A</Material>
			<ItemNumber>990</ItemNumber>
			<Quantity>1</Quantity>
			<QuantityCode>PC</QuantityCode>
		</MatItem>
	</MatList>
</nr1:TRKINF>